{
    "accuracy": 0.6829268292682927,
    "f1_score": 0.41899441340782123,
    "precision_score": 0.6578947368421053,
    "recall_score": 0.3073770491803279
}